{"rightShoulderPosition": {"x": 249.7519302368164, "y": 224.6661615371704, "z": 0.0}, "leftShoulderPosition": {"x": 440.26695251464844, "y": 199.08259391784668, "z": 0.0}, "rightElbowPosition": {"x": 253.0009651184082, "y": 437.7801990509033, "z": 0.0}, "leftElbowPosition": {"x": 473.09364318847656, "y": 372.1163749694824, "z": 0.0}, "rightWristPosition": {"x": 346.0376739501953, "y": 584.4609260559082, "z": 0.0}, "leftWristPosition": {"x": 506.2451171875, "y": 524.9668121337891, "z": 0.0}}